{
  "Latitude": [
    42.36516571044922,
    42.36457061767578,
    42.364418029785156,
    42.36385726928711,
    42.36322784423828,
    42.3631591796875,
    42.36250686645508,
    42.3624382019043,
    42.36112594604492,
    42.360809326171875,
    42.36011505126953,
    42.35969161987305,
    42.359310150146484,
    42.35881805419922,
    42.35833740234375,
    42.35780715942383,
    42.3574104309082,
    42.357818603515625,
    42.358036041259766,
    42.35921096801758,
    42.35993576049805,
    42.36011505126953
  ],
  "Longitude": [
    -71.09793090820312,
    -71.09809875488281,
    -71.09732818603516,
    -71.09748077392578,
    -71.09752655029297,
    -71.09671020507812,
    -71.09681701660156,
    -71.09640502929688,
    -71.0965805053711,
    -71.09602355957031,
    -71.0948257446289,
    -71.09422302246094,
    -71.09381103515625,
    -71.09345245361328,
    -71.09317016601562,
    -71.09291076660156,
    -71.09274291992188,
    -71.09130096435547,
    -71.09063720703125,
    -71.08709716796875,
    -71.08760833740234,
    -71.08707427978516
  ]
}