{
  "Latitude": [
    42.365142822265625,
    42.36500549316406,
    42.36478805541992,
    42.364471435546875,
    42.36380386352539,
    42.36295700073242,
    42.36268615722656,
    42.3625602722168,
    42.361209869384766,
    42.35995101928711,
    42.360198974609375
  ],
  "Longitude": [
    -71.09790802001953,
    -71.09713745117188,
    -71.09632110595703,
    -71.0946273803711,
    -71.09323120117188,
    -71.09359741210938,
    -71.09001922607422,
    -71.08811950683594,
    -71.08834075927734,
    -71.08760833740234,
    -71.08689880371094
  ]
}