{
  "Latitude": [
    42.36515808105469,
    42.36496353149414,
    42.36482620239258,
    42.3641471862793,
    42.36383056640625,
    42.363189697265625,
    42.36305236816406,
    42.3629150390625,
    42.36283493041992,
    42.36279296875,
    42.362693786621094,
    42.362518310546875,
    42.362030029296875,
    42.361576080322266,
    42.36122131347656,
    42.36079406738281,
    42.35996627807617,
    42.360130310058594
  ],
  "Longitude": [
    -71.09795379638672,
    -71.09707641601562,
    -71.09626007080078,
    -71.09651184082031,
    -71.09664154052734,
    -71.09671020507812,
    -71.09529876708984,
    -71.09359741210938,
    -71.09194946289062,
    -71.09132385253906,
    -71.08995056152344,
    -71.08810424804688,
    -71.08821105957031,
    -71.08830261230469,
    -71.08831787109375,
    -71.08811950683594,
    -71.08760833740234,
    -71.08709716796875
  ]
}