{
  "Latitude": [
    42.365196228027344,
    42.364593505859375,
    42.36395263671875,
    42.363868713378906,
    42.363243103027344,
    42.36317443847656,
    42.36250686645508,
    42.36187744140625,
    42.361358642578125,
    42.36079406738281,
    42.36040115356445,
    42.360130310058594,
    42.359703063964844,
    42.359256744384766,
    42.358909606933594,
    42.358436584472656,
    42.357887268066406,
    42.35744094848633,
    42.35783386230469,
    42.358028411865234,
    42.3585319519043,
    42.3591194152832,
    42.35921096801758,
    42.35995101928711,
    42.360130310058594
  ],
  "Longitude": [
    -71.09793090820312,
    -71.09809875488281,
    -71.09835815429688,
    -71.0974349975586,
    -71.09754943847656,
    -71.09671020507812,
    -71.09681701660156,
    -71.09687805175781,
    -71.09698486328125,
    -71.09597778320312,
    -71.09535217285156,
    -71.09487915039062,
    -71.09422302246094,
    -71.0937728881836,
    -71.09349060058594,
    -71.09320831298828,
    -71.09297180175781,
    -71.09272003173828,
    -71.09125518798828,
    -71.09066009521484,
    -71.08920288085938,
    -71.08732604980469,
    -71.08709716796875,
    -71.08760833740234,
    -71.08714294433594
  ]
}