{
  "Latitude": [
    42.36518096923828,
    42.36500549316406,
    42.36478805541992,
    42.36415481567383,
    42.36385726928711,
    42.36322784423828,
    42.3625602722168,
    42.362518310546875,
    42.3624382019043,
    42.36240768432617,
    42.36172866821289,
    42.36111068725586,
    42.361412048339844,
    42.361671447753906,
    42.36188888549805,
    42.362083435058594,
    42.362369537353516,
    42.3626708984375,
    42.36287307739258,
    42.36283493041992,
    42.362762451171875,
    42.362709045410156,
    42.362693786621094,
    42.36261749267578,
    42.36260223388672,
    42.362545013427734,
    42.362545013427734,
    42.36191940307617,
    42.36183547973633,
    42.36179733276367,
    42.3610954284668,
    42.36055374145508,
    42.360416412353516,
    42.360252380371094,
    42.36008834838867
  ],
  "Longitude": [
    -71.09790802001953,
    -71.09711456298828,
    -71.09627532958984,
    -71.09647369384766,
    -71.09664154052734,
    -71.09671020507812,
    -71.09679412841797,
    -71.09644317626953,
    -71.09576416015625,
    -71.09539794921875,
    -71.09544372558594,
    -71.09550476074219,
    -71.09480285644531,
    -71.09407043457031,
    -71.09370422363281,
    -71.09314727783203,
    -71.09260559082031,
    -71.09211730957031,
    -71.09190368652344,
    -71.09132385253906,
    -71.09066009521484,
    -71.0899887084961,
    -71.08927917480469,
    -71.08867645263672,
    -71.08821105957031,
    -71.08739471435547,
    -71.08709716796875,
    -71.087158203125,
    -71.08660125732422,
    -71.08621978759766,
    -71.0863265991211,
    -71.0864028930664,
    -71.0864028930664,
    -71.08683776855469,
    -71.08722686767578
  ]
}