{
  "Latitude": [
    42.36515808105469,
    42.365020751953125,
    42.36443328857422,
    42.36388397216797,
    42.363258361816406,
    42.3631477355957,
    42.36250686645508,
    42.362422943115234,
    42.36240005493164,
    42.362030029296875,
    42.361602783203125,
    42.36103057861328,
    42.36079406738281,
    42.360538482666016,
    42.36022186279297,
    42.35993576049805,
    42.35955810546875,
    42.35921096801758,
    42.358802795410156,
    42.35835266113281,
    42.35778045654297,
    42.35739517211914,
    42.357139587402344,
    42.357357025146484,
    42.35765838623047,
    42.35798263549805,
    42.358314514160156,
    42.358707427978516,
    42.35894012451172,
    42.35922622680664,
    42.359596252441406,
    42.35996627807617,
    42.36015319824219
  ],
  "Longitude": [
    -71.09790802001953,
    -71.09709930419922,
    -71.09732818603516,
    -71.09748077392578,
    -71.09754943847656,
    -71.09668731689453,
    -71.09681701660156,
    -71.09638977050781,
    -71.09542083740234,
    -71.09544372558594,
    -71.0954818725586,
    -71.09555053710938,
    -71.09597778320312,
    -71.09552764892578,
    -71.0949478149414,
    -71.09454345703125,
    -71.0940933227539,
    -71.09375,
    -71.09342193603516,
    -71.09314727783203,
    -71.09292602539062,
    -71.09272003173828,
    -71.09256744384766,
    -71.09170532226562,
    -71.09078979492188,
    -71.08984375,
    -71.08881378173828,
    -71.08758544921875,
    -71.08686065673828,
    -71.08711242675781,
    -71.08739471435547,
    -71.08763122558594,
    -71.08702850341797
  ]
}