{
  "Latitude": [
    42.36515808105469,
    42.36496353149414,
    42.364810943603516,
    42.36457061767578,
    42.364444732666016,
    42.3641471862793,
    42.36384582519531,
    42.363365173339844,
    42.362979888916016,
    42.36283493041992,
    42.36268615722656,
    42.3625602722168,
    42.36197280883789,
    42.361358642578125,
    42.3610725402832,
    42.35995101928711,
    42.36014175415039
  ],
  "Longitude": [
    -71.09795379638672,
    -71.09711456298828,
    -71.09627532958984,
    -71.09510040283203,
    -71.0946044921875,
    -71.09390258789062,
    -71.09319305419922,
    -71.09345245361328,
    -71.09359741210938,
    -71.09194946289062,
    -71.08997344970703,
    -71.08811950683594,
    -71.08821105957031,
    -71.08831787109375,
    -71.08830261230469,
    -71.08763122558594,
    -71.08705139160156
  ]
}