{
  "Latitude": [
    42.365142822265625,
    42.36500549316406,
    42.36482620239258,
    42.364662170410156,
    42.364524841308594,
    42.364418029785156,
    42.3642692565918,
    42.36408996582031,
    42.36385726928711,
    42.36359786987305,
    42.363258361816406,
    42.362972259521484,
    42.362693786621094,
    42.3623161315918,
    42.36190414428711,
    42.36171340942383,
    42.36199951171875,
    42.362152099609375,
    42.3623161315918,
    42.362464904785156,
    42.36261749267578,
    42.36279296875,
    42.36283493041992,
    42.36283493041992,
    42.36279296875,
    42.36272430419922,
    42.36272430419922,
    42.362709045410156,
    42.36268615722656,
    42.362571716308594,
    42.362545013427734,
    42.362518310546875,
    42.362491607666016,
    42.36247634887695,
    42.36247634887695,
    42.36223220825195,
    42.36183547973633,
    42.361427307128906,
    42.36112594604492,
    42.36083984375,
    42.36055374145508,
    42.360416412353516,
    42.36027908325195,
    42.360130310058594
  ],
  "Longitude": [
    -71.09795379638672,
    -71.09707641601562,
    -71.09627532958984,
    -71.09557342529297,
    -71.09484100341797,
    -71.09447479248047,
    -71.09420013427734,
    -71.0937728881836,
    -71.09329986572266,
    -71.09334564208984,
    -71.0935287475586,
    -71.09362030029297,
    -71.09362030029297,
    -71.09371948242188,
    -71.09383392333984,
    -71.09395599365234,
    -71.09346771240234,
    -71.09312438964844,
    -71.09275817871094,
    -71.09246063232422,
    -71.09217834472656,
    -71.09198760986328,
    -71.09156036376953,
    -71.09111022949219,
    -71.09063720703125,
    -71.09027099609375,
    -71.08997344970703,
    -71.089599609375,
    -71.08898162841797,
    -71.08830261230469,
    -71.08776092529297,
    -71.08719635009766,
    -71.08670806884766,
    -71.08629608154297,
    -71.0860824584961,
    -71.0860824584961,
    -71.08617401123047,
    -71.08623504638672,
    -71.08625793457031,
    -71.08627319335938,
    -71.08634948730469,
    -71.08638763427734,
    -71.08677673339844,
    -71.08722686767578
  ]
}