{
  "Latitude": [
    42.36518096923828,
    42.365360260009766,
    42.36477279663086,
    42.3641471862793,
    42.36388397216797,
    42.363502502441406,
    42.36328125,
    42.36317443847656,
    42.36295700073242,
    42.36283493041992,
    42.36268615722656,
    42.362571716308594,
    42.36156463623047,
    42.36123275756836,
    42.35996627807617,
    42.360198974609375
  ],
  "Longitude": [
    -71.09793090820312,
    -71.09880828857422,
    -71.09917449951172,
    -71.09947204589844,
    -71.09911346435547,
    -71.09841918945312,
    -71.09840393066406,
    -71.09668731689453,
    -71.09359741210938,
    -71.09192657470703,
    -71.09001922607422,
    -71.08815002441406,
    -71.08830261230469,
    -71.08831787109375,
    -71.08760833740234,
    -71.08694458007812
  ]
}