{
  "Latitude": [
    42.36515808105469,
    42.36500549316406,
    42.36478805541992,
    42.36402130126953,
    42.363189697265625,
    42.363040924072266,
    42.3629035949707,
    42.36228561401367,
    42.36171340942383,
    42.36137390136719,
    42.36082458496094,
    42.360130310058594,
    42.36123275756836,
    42.361961364746094,
    42.362422943115234,
    42.3626708984375,
    42.3625602722168,
    42.361263275146484,
    42.36097717285156,
    42.35996627807617,
    42.360198974609375
  ],
  "Longitude": [
    -71.09793090820312,
    -71.09711456298828,
    -71.09623718261719,
    -71.0965805053711,
    -71.09671020507812,
    -71.0953369140625,
    -71.09357452392578,
    -71.09370422363281,
    -71.09391784667969,
    -71.09473419189453,
    -71.09597778320312,
    -71.09486389160156,
    -71.0926284790039,
    -71.09117889404297,
    -71.09022521972656,
    -71.08992004394531,
    -71.08818817138672,
    -71.08834075927734,
    -71.08824920654297,
    -71.08763122558594,
    -71.08699035644531
  ]
}