{
  "Latitude": [
    42.365238189697266,
    42.364662170410156,
    42.36422348022461,
    42.36396789550781,
    42.36399459838867,
    42.36399459838867,
    42.36389923095703,
    42.36383056640625,
    42.36369705200195,
    42.36359786987305,
    42.36344909667969,
    42.363311767578125,
    42.363258361816406,
    42.363243103027344,
    42.363189697265625,
    42.3625602722168,
    42.36188888549805,
    42.361412048339844,
    42.36116409301758,
    42.360870361328125,
    42.36050796508789,
    42.360252380371094,
    42.36011505126953,
    42.359867095947266,
    42.35955810546875,
    42.359405517578125,
    42.35915756225586,
    42.358856201171875,
    42.35855484008789,
    42.358245849609375,
    42.35794448852539,
    42.357547760009766,
    42.35734176635742,
    42.357547760009766,
    42.35780715942383,
    42.35805130004883,
    42.35833740234375,
    42.35872268676758,
    42.358970642089844,
    42.35915756225586,
    42.359405517578125,
    42.359703063964844,
    42.359920501708984,
    42.360198974609375,
    42.36027908325195,
    42.3607292175293,
    42.36093521118164,
    42.36103057861328,
    42.360755920410156,
    42.360591888427734,
    42.36035919189453,
    42.36015319824219
  ],
  "Longitude": [
    -71.09790802001953,
    -71.0981216430664,
    -71.09825134277344,
    -71.09834289550781,
    -71.09877014160156,
    -71.0989990234375,
    -71.09909057617188,
    -71.09896087646484,
    -71.09877014160156,
    -71.09857177734375,
    -71.09838104248047,
    -71.09838104248047,
    -71.09788513183594,
    -71.09724426269531,
    -71.09668731689453,
    -71.09679412841797,
    -71.09686279296875,
    -71.09696960449219,
    -71.09662628173828,
    -71.09597778320312,
    -71.0954818725586,
    -71.09507751464844,
    -71.09484100341797,
    -71.09439086914062,
    -71.09398651123047,
    -71.0938491821289,
    -71.09366607666016,
    -71.09339904785156,
    -71.09323120117188,
    -71.09307861328125,
    -71.0929946899414,
    -71.0927963256836,
    -71.09269714355469,
    -71.09217834472656,
    -71.09136199951172,
    -71.09061431884766,
    -71.08979797363281,
    -71.08877563476562,
    -71.0879135131836,
    -71.08728790283203,
    -71.08670806884766,
    -71.08572387695312,
    -71.08492279052734,
    -71.08417510986328,
    -71.08386993408203,
    -71.08417510986328,
    -71.08428192138672,
    -71.08441162109375,
    -71.08516693115234,
    -71.08574676513672,
    -71.08634948730469,
    -71.08705139160156
  ]
}