{
  "Latitude": [
    42.36516571044922,
    42.365020751953125,
    42.364593505859375,
    42.36443328857422,
    42.36406326293945,
    42.363868713378906,
    42.363502502441406,
    42.363258361816406,
    42.363243103027344,
    42.36317443847656,
    42.363121032714844,
    42.36306381225586,
    42.3624382019043,
    42.36197280883789,
    42.361412048339844,
    42.36115646362305,
    42.36093521118164,
    42.36083984375,
    42.36062240600586,
    42.36038589477539,
    42.36015319824219,
    42.36040115356445,
    42.3607292175293,
    42.36104202270508,
    42.361358642578125,
    42.36178207397461,
    42.36212158203125,
    42.362422943115234,
    42.36262512207031,
    42.3626708984375,
    42.36261749267578,
    42.362571716308594,
    42.362545013427734,
    42.36247634887695,
    42.36240005493164,
    42.36206817626953,
    42.36183547973633,
    42.36151123046875,
    42.36104202270508,
    42.3607292175293,
    42.360416412353516,
    42.36016845703125,
    42.36006164550781
  ],
  "Longitude": [
    -71.09790802001953,
    -71.09713745117188,
    -71.0972671508789,
    -71.09732818603516,
    -71.09741973876953,
    -71.0974349975586,
    -71.09745788574219,
    -71.09745788574219,
    -71.09681701660156,
    -71.09640502929688,
    -71.09565734863281,
    -71.09518432617188,
    -71.09535217285156,
    -71.09537506103516,
    -71.0954818725586,
    -71.0954818725586,
    -71.0958251953125,
    -71.09600067138672,
    -71.09574890136719,
    -71.09529876708984,
    -71.09487915039062,
    -71.09432220458984,
    -71.09357452392578,
    -71.0930404663086,
    -71.09246063232422,
    -71.09149932861328,
    -71.09095764160156,
    -71.09029388427734,
    -71.08997344970703,
    -71.08965301513672,
    -71.08889770507812,
    -71.08818817138672,
    -71.08744049072266,
    -71.08668518066406,
    -71.08604431152344,
    -71.08610534667969,
    -71.08619689941406,
    -71.08623504638672,
    -71.08629608154297,
    -71.08636474609375,
    -71.0864028930664,
    -71.08705139160156,
    -71.0873794555664
  ]
}