{
  "Latitude": [
    42.36515808105469,
    42.36503219604492,
    42.364871978759766,
    42.36470413208008,
    42.36455535888672,
    42.36445617675781,
    42.364200592041016,
    42.36399459838867,
    42.36383056640625,
    42.36428451538086,
    42.36423873901367,
    42.36417007446289,
    42.36396789550781,
    42.363651275634766,
    42.36327362060547,
    42.36283493041992,
    42.36277770996094,
    42.36272430419922,
    42.36265563964844,
    42.3625602722168,
    42.362491607666016,
    42.362464904785156,
    42.362422943115234,
    42.361820220947266,
    42.361328125,
    42.360755920410156,
    42.36038589477539,
    42.360198974609375
  ],
  "Longitude": [
    -71.09788513183594,
    -71.09719848632812,
    -71.09636688232422,
    -71.0958023071289,
    -71.09501647949219,
    -71.0946273803711,
    -71.09402465820312,
    -71.09357452392578,
    -71.09320831298828,
    -71.09292602539062,
    -71.09228515625,
    -71.09166717529297,
    -71.09130096435547,
    -71.09119415283203,
    -71.09125518798828,
    -71.09132385253906,
    -71.09076690673828,
    -71.09027099609375,
    -71.08930206298828,
    -71.08842468261719,
    -71.08753204345703,
    -71.08683776855469,
    -71.08610534667969,
    -71.08621978759766,
    -71.08623504638672,
    -71.0863265991211,
    -71.08638763427734,
    -71.08696746826172
  ]
}