{
  "Latitude": [
    42.36516571044922,
    42.365020751953125,
    42.36478805541992,
    42.364200592041016,
    42.36385726928711,
    42.363433837890625,
    42.36320114135742,
    42.36307907104492,
    42.36240005493164,
    42.36185073852539,
    42.36127471923828,
    42.3610725402832,
    42.36082458496094,
    42.36055374145508,
    42.36029052734375,
    42.36009979248047,
    42.35984420776367,
    42.35944366455078,
    42.359130859375,
    42.35868453979492,
    42.35823059082031,
    42.357818603515625,
    42.35744094848633,
    42.35712432861328,
    42.35732650756836,
    42.35765838623047,
    42.358028411865234,
    42.358421325683594,
    42.35887145996094,
    42.3590087890625,
    42.359256744384766,
    42.35961151123047,
    42.35991287231445,
    42.36006164550781,
    42.36030578613281,
    42.36055374145508,
    42.36090850830078,
    42.361087799072266,
    42.360877990722656,
    42.36067581176758,
    42.360469818115234,
    42.36021423339844
  ],
  "Longitude": [
    -71.09793090820312,
    -71.09709930419922,
    -71.09626007080078,
    -71.09649658203125,
    -71.09662628173828,
    -71.09668731689453,
    -71.09671020507812,
    -71.09529876708984,
    -71.09535217285156,
    -71.09544372558594,
    -71.09552764892578,
    -71.09552764892578,
    -71.09602355957031,
    -71.09557342529297,
    -71.09514617919922,
    -71.09484100341797,
    -71.09439086914062,
    -71.09395599365234,
    -71.09363555908203,
    -71.0933609008789,
    -71.09310150146484,
    -71.09292602539062,
    -71.09272003173828,
    -71.092529296875,
    -71.0918197631836,
    -71.09082794189453,
    -71.08969116210938,
    -71.0886001586914,
    -71.08726501464844,
    -71.08689880371094,
    -71.08589935302734,
    -71.0848617553711,
    -71.08417510986328,
    -71.08374786376953,
    -71.08392333984375,
    -71.08405303955078,
    -71.08428192138672,
    -71.08438873291016,
    -71.08492279052734,
    -71.08557891845703,
    -71.08619689941406,
    -71.08686065673828
  ]
}