{
  "Latitude": [
    42.365196228027344,
    42.36505889892578,
    42.3649787902832,
    42.36484146118164,
    42.36473083496094,
    42.36465072631836,
    42.364540100097656,
    42.3643913269043,
    42.36415481567383,
    42.363983154296875,
    42.36384582519531,
    42.3641471862793,
    42.364585876464844,
    42.36494827270508,
    42.36542892456055,
    42.36571502685547,
    42.36558151245117,
    42.365291595458984,
    42.365074157714844,
    42.36491012573242,
    42.36470413208008,
    42.364540100097656,
    42.364376068115234,
    42.36423873901367,
    42.36407470703125,
    42.36393737792969,
    42.36388397216797,
    42.36355972290039,
    42.363258361816406,
    42.36295700073242,
    42.3625602722168,
    42.36212158203125,
    42.361698150634766,
    42.36138153076172,
    42.36111068725586,
    42.36083984375,
    42.36055374145508,
    42.360252380371094,
    42.35995101928711,
    42.360130310058594
  ],
  "Longitude": [
    -71.09795379638672,
    -71.09738159179688,
    -71.09700775146484,
    -71.09638977050781,
    -71.09587097167969,
    -71.09539794921875,
    -71.09484100341797,
    -71.09443664550781,
    -71.09390258789062,
    -71.09349060058594,
    -71.09320831298828,
    -71.093017578125,
    -71.09275817871094,
    -71.09256744384766,
    -71.09226989746094,
    -71.0921401977539,
    -71.09162902832031,
    -71.09091186523438,
    -71.09029388427734,
    -71.0898208618164,
    -71.08934783935547,
    -71.08892059326172,
    -71.08866119384766,
    -71.08830261230469,
    -71.08795166015625,
    -71.08758544921875,
    -71.08746337890625,
    -71.08769989013672,
    -71.08795166015625,
    -71.08810424804688,
    -71.08817291259766,
    -71.08821105957031,
    -71.0882339477539,
    -71.08830261230469,
    -71.08830261230469,
    -71.08815002441406,
    -71.08799743652344,
    -71.08779907226562,
    -71.08763122558594,
    -71.08714294433594
  ]
}